Genes	H3K4me2_S52267	H3K4me2_S52221
Wdfy4	51	25
Gm10376	34	14
100039246	39	15
E230016K23Rik	34	9
Col4a6	18	6
Igfbp6	64	23
Ssbp1	275	103
Pcdh9	20	9
Gm14718	20	4
Sh2d4a	83	39
Mrpl33	487	184
Cyp3a41b	32	5
Serpina16	21	9
Rpe65	32	5
Cpped1	422	201
Lamp3	14	8
Atp6v1b1	55	18
Ankrd1	24	15
Aqp4	15	4
Gm13749	25	8
Gm32229	232	155
Ribc2	22	15
Pex5l	30	9
Mmp11	395	196
Gm33354	31	7
Olfr722	10	2
Zfp729b	501	205
Tmem108	388	218
Spink4	41	12
Psd3	20	6
Pramel51	23	2
9430019J16Rik	12	7
Btrc	497	199
Mpped1	22	9
Olfr1408	13	1
Lrp4	295	147
Nr3c2	161	61
A830036E02Rik	27	10
Gm48908	28	16
Snrk	393	209
Pdzrn4	10	10
Gm20756	4	1
Gal	77	50
Rhox10	17	5
Spaca5	16	7
Ndufs6	389	161
Cdh26	30	12
Mybpc2	67	35
Drd3	24	9
Ptger3	282	145
Dnah8	220	98
Il2ra	126	71
Plg	23	19
Nxph3	218	127
Mzf1	469	206
Pthlh	37	19
Gm29007	14	7
Ccnb2	419	224
Slc17a7	283	133
Obox2	32	10
Serpinb3d	14	5
Myh14	77	15
Efna5	370	220
Aspn	13	3
Iqcm	17	7
Tc2n	287	168
Osmr	113	48
Ncan	59	32
Glp1r	386	213
Krt33b	34	14
2610002M06Rik	144	70
Serpina3j	37	14
Lrrk2	165	63
Thegl	230	156
Bnc1	230	108
Dmpk	90	22
Gm10505	145	68
Oscar	231	98
Olfr27	11	3
Cmpk1	393	173
Ercc6l2	440	195
Fhl2	33	9
Nlrp10	37	22
Ythdc2	411	178
Glyctk	131	92
Prmt3	448	203
Gm44501	12	3
Pramel14	25	4
Jam3	54	44
Ms4a4c	380	160
Tbc1d21	28	9
Kptn	244	123
Gm7072	318	154
Slc7a4	317	149
A930003O13Rik	231	118
Lrp2	45	17
Samsn1	280	77
Las1l	436	151
Zfp957	100	63
Defb39	19	7
2310065F04Rik	25	9
Dcst1	40	21
Rem1	48	27
Vmn1r249	15	13
Myct1	18	1
Gm11634	40	5
Sult1c1	22	4
Gm5166	29	16
Slc15a2	19	9
Il1rapl2	24	3
Pcdha10	13	13
Vmn2r14	17	2
Tlr8	14	6
1600027J07Rik	18	4
Nps	34	12
Klhl40	35	16
Zfp605	398	190
Clec2h	25	6
Tac2	64	12
Rgs21	15	4
Gm13267	323	154
Cntn4	20	11
5031410I06Rik	44	25
Arhgef16	97	53
4930505A04Rik	24	9
Zmynd15	171	100
C130050O18Rik	69	23
Gm29483	29	6
Arhgap24	364	205
Gm36598	39	13
Gm15486	16	5
Smok2a	57	25
Wbp2nl	28	12
Adcy8	34	11
Prelp	40	5
Rhox2c	24	9
Dsg4	8	7
Inha	109	55
Manea	353	158
Gm20268	17	4
Tafa1	19	5
Mc5r	125	51
Tmem128	374	183
Eln	49	10
4930505G20Rik	17	7
Hyls1	479	200
Agxt2	14	10
Mpz	368	174
1700095A21Rik	74	17
Ccdc175	15	6
Polr1f	329	135
Tmprss5	26	13
Zbtb6	432	200
Esp3	11	11
Dlg3	315	169
Akt3	13	10
9330111N05Rik	100	44
Skint4	15	2
Col24a1	24	8
Cyp2j5	15	4
Gucy2c	33	8
Rec8	139	86
Gm32688	54	13
Tbc1d8b	296	141
Gm5141	431	196
1700001G01Rik	22	14
4933402J07Rik	32	12
4930443O20Rik	19	9
Serpina11	30	11
Sgca	86	28
Gm14326	342	168
Rgs13	10	5
Gm19461	37	24
Gm38462	75	27
Ano5	20	9
Pyroxd2	34	8
Ndc1	475	192
Tbx19	21	16
L3mbtl1	268	137
Rhox3a	27	9
1700025C18Rik	59	22
Bpifb3	34	19
Slc25a15	458	204
Acat1	427	182
Elf5	51	11
Casp8ap2	421	164
Pcdhgb1	24	15
Vill	91	34
Pik3c2g	34	6
Etnppl	41	9
Fbxw16	33	10
Dnah7a	177	87
Eif3e	251	115
Map3k7cl	25	15
Tmem178	50	14
Tnfsf15	47	15
Slc39a10	22	5
Limch1	19	6
4930532I03Rik	26	7
Olfr376	24	6
Gba	354	138
Phf11b	416	222
Klhl13	12	6
Hsd3b8	22	6
Twist2	61	47
Pilrb1	66	25
Lztfl1	393	158
Gm38545	54	26
1700016K19Rik	347	161
Acaca	31	5
H2-Eb1	72	28
Zfp488	29	17
Matn4	58	13
Noto	49	13
Ush2a	17	6
4930556N09Rik	29	13
Hdhd2	390	151
4930529K09Rik	25	6
Rbp4	44	20
4930583P06Rik	18	9
Etaa1	251	102
Atl3	362	197
Cstl1	53	23
Actc1	41	9
Smn1	472	221
Mcm9	281	91
Ninj2	41	16
Rbm46os	20	11
Metap1	453	175
Heatr6	365	177
Rnf111	357	166
Kpna3	369	220
Plch2	90	39
Gm36069	32	5
Zfp366	34	15
Wfdc21	45	9
Gm30092	23	7
Gm20858	0	0
Trim36	137	72
Gckr	154	64
Tex12	17	10
Gm42788	37	17
4930434J06Rik	21	7
Ugt2b38	11	5
Glrb	29	9
Insm2	120	68
Gfpt2	370	205
Erlec1	441	213
Krt79	49	15
Gm30694	53	14
Gm35396	31	17
Gm4961	23	10
Edn2	44	16
A530064D06Rik	44	21
Pkd2l1	28	20
Cutc	356	153
Cd244a	117	57
Gm12169	27	10
Chrna9	105	49
Rslcan18	31	8
Bpifc	32	11
Tlk2	398	196
Gm5155	19	7
Opalin	35	13
Oc90	25	8
Ecrg4	34	20
Whamm	479	201
Tlcd5	178	106
Olfr192	13	2
Klrb1f	71	23
Slc40a1	36	16
Ttc23	156	65
Ddx19b	158	64
Akr1d1	34	10
Ttll10	56	13
Gad2	332	154
6330409D20Rik	63	27
Gm7827	55	23
Krt9	44	13
Wdr7	438	205
Haus3	331	136
Pcdha7	17	9
Ube2cbp	227	118
Srp54b	536	195
Hoxc13	54	34
Ndufb3	517	199
Gm28178	200	82
Mrgpre	429	233
Tm4sf5	45	15
Sgcb	439	215
Lcat	73	25
Serpina3m	45	8
Acan	54	22
AY512915	19	10
Gm12873	27	12
1700027I24Rik	28	5
Pde6c	35	10
Gm38409	27	7
Gm34746	112	41
Poc1a	510	195
Parp6	428	195
Tent5d	14	6
Btnl2	82	51
Rho	40	21
Sprr2a2	32	15
Gm17660	52	16
Phf24	128	61
Slc18b1	100	37
Lrrtm1	36	15
Nsun3	441	212
Cd300ld4	40	17
Slc5a10	39	19
Gm20765	15	3
Coq3	358	158
Gm26633	64	19
Vwa3a	25	17
Itgb8	107	31
Nes	306	200
Trpc7	9	8
Chn1os3	39	22
Rwdd3	370	171
E330012B07Rik	21	6
Gm15446	15	8
Slc26a10	312	167
AU015836	26	10
Lsmem1	249	121
Sec14l3	38	12
Olfr860	11	1
Prl3d1	8	1
Gm6416	27	8
Gm26688	249	129
Cep295nl	141	53
Cdh11	20	5
Immt	371	169
Mkrn1	420	191
Rab11b	495	217
Amacr	401	171
Ank1	192	100
Entpd4	231	139
Gm7980	32	10
Kazn	15	12
Entpd2	155	86
Phip	452	162
Cldn2	21	14
Ebf1	115	64
Lin7a	22	10
Obi1	355	135
Gm1322	12	6
Gm29682	37	21
Stard13	70	34
Zfp994	279	134
Cldn34c4	5	6
Kcna4	25	12
Rbm12b1	392	205
Dsg1b	18	5
Adar	413	237
Rrn3	448	224
Epdr1	38	15
5730409E04Rik	219	146
9530091C08Rik	38	9
Tbx20	17	3
4930519F24Rik	12	1
Serpinb7	4	4
Esp15	13	3
Pla2g2e	57	14
Asb17	34	10
Usp8	419	185
3830406C13Rik	317	195
Trip6	82	28
4930563M21Rik	41	9
BC049715	426	190
Sgo2b	20	6
Pcdhb18	18	7
Prss56	211	121
Rftn2	80	18
5730435O14Rik	35	9
Synpo2	26	10
1810019N24Rik	420	220
Trappc2	288	157
4930548G14Rik	17	9
Klra6	17	2
Cryzl2	242	116
Myl1	11	3
Espn	383	180
Gpr50	22	14
Gpr139	30	8
A630075F10Rik	20	11
Tmprss11c	9	3
Atp2c1	37	13
Tmem183a	485	187
Gm52885	21	5
Gm31064	54	23
Nalf1	33	9
A430018G15Rik	434	178
Nup155	478	225
Efcab7	362	163
Gm53173	21	9
4930505K14Rik	42	22
Cyp2d11	43	25
Slc30a10	51	14
4931419H13Rik	46	14
4930483K19Rik	40	14
Crtac1	147	75
Slc5a1	39	10
Lrrc72	30	9
Cr1l	400	144
Pla2g2a	40	13
Stxbp5l	25	10
Cc2d2a	41	17
105242419	30	8
Olfr119	15	6
Capza2	360	142
2410124H12Rik	46	9
Ccdc24	77	31
Cplane1	413	223
Nutm1	39	29
Cts8-ps	14	4
Kcnh7	35	5
Cldn11	71	20
Fbln2	56	19
Ercc6	441	174
Ccdc149	68	43
Gm17359	40	8
Gmeb2	473	191
Zfp804a	12	7
Lrrfip1	343	165
Vmn2r30	12	0
Fhip1a	22	2
Gm46666	25	11
Slc1a2	18	8
2310039L15Rik	41	13
1700012A03Rik	49	10
Haus7	319	117
Ece2	57	38
4933436H12Rik	19	8
Cnih4	275	118
Tsix	12	8
Gm10220	52	24
4930447N08Rik	40	8
Tmc4	56	32
Fbxo47	258	92
Spib	154	90
Calca	69	30
Mmadhc	536	198
Gm29968	37	5
1700007F19Rik	19	9
4930482G09Rik	16	4
Lcn5	53	19
Dna2	365	158
Ints2	439	199
Atxn3	384	171
Oma1	372	139
Gm21783	0	0
1700019J19Rik	228	133
Six3	48	19
Tenm4	24	5
Eola1	346	163
Tex11	24	12
Tmem248	347	166
Krt80	57	21
Pcsk4	463	200
Pola1	252	95
Vmn2r96	10	6
Klra1	61	25
Gramd1c	31	5
Slc6a14	22	9
Tlr3	93	36
Myoz3	60	22
Plppr1	20	8
Eif1ad2	15	8
9130008F23Rik	79	43
Amotl2	50	27
Cyp4a31	27	16
Aadacl2fm2	10	7
Ccl19-ps2	113	74
Abca9	19	10
Hoxc5	60	17
Bicra	104	54
Gm28286	137	67
Rhox3g	35	11
Chn2	377	207
Pate9	21	7
Cep41	492	190
B430010I23Rik	43	18
Ms4a18	30	20
Mast2	423	204
Insc	30	19
Spp2	35	9
Nkrf	372	150
Gm20757	9	7
Cpb1	16	13
Dupd1	53	11
Gm30381	47	11
Trpc3	387	175
4933434P08Rik	20	10
Gpr158	27	7
Gpr17	27	14
1700041A01Rik	18	5
Spesp1	30	12
Hsd17b13	66	24
Nxph2	18	11
Fcgrt	101	44
Wdr45	390	140
Tprg	21	8
Psmd4	528	192
Churc1	363	201
Cp	18	7
Gm40602	55	26
Gm21190	171	60
Edn3	28	17
Bspry	365	160
Ocrl	184	72
Lmbrd2	394	235
Dnah11	233	89
Plxna2	55	22
Ceacam11	29	19
Car3	32	14
Olfr69	17	9
Pih1d1	415	156
Agmo	21	6
D6Ertd474e	14	18
Rnls	312	173
Hs3st6	443	199
Lamc2	94	26
Klk1b26	36	12
Gm3012	19	7
Psma3	503	194
Uaca	197	119
Nlrp9c	19	10
Ccdc183	151	69
Gm8765	23	9
Fbxw27	24	12
Cog7	411	187
Mterf2	479	213
Ssh3	449	231
Rala	360	194
Gm26641	353	198
Dusp18	342	206
Rnf43	178	98
Spink8	68	11
Mypn	33	7
2410003L11Rik	39	18
Pramel27	28	8
Olfr75-ps1	15	4
F2	57	17
Fbxo36	472	178
Fam135a	365	191
Ott	22	7
Lipo2	92	43
Zfp68	313	123
Krt15	24	12
Tdrd6	35	10
6430553K19Rik	22	3
Kif26a	352	204
Alppl2	27	14
Myh2	21	5
Lingo4	116	76
Zmiz2	80	35
Plek	33	13
A530065N20Rik	29	7
Olfr46	18	4
Dysf	56	14
4931413K12Rik	95	39
Sdhaf4	243	118
Exd1	490	197
Sohlh1	37	28
Rab17	64	20
Mgat4e	35	13
Gm46851	22	5
Adprhl1	41	17
Msh2	467	227
Alox8	326	139
B230214G05Rik	23	10
Lama1	20	7
Cd300ld5	40	17
Cntn6	7	7
Pinlyp	474	201
4930525G20Rik	249	95
Izumo1	40	27
Bmp15	14	6
Tmem62	462	190
Ces1f	27	6
Shc2	59	35
Elp6	454	194
Esyt3	50	33
Pcdhga3	28	9
Hoxa6	141	80
Otp	22	11
Gm15471	385	189
Bbs7	292	147
Plekhg4	72	30
Pcdha6	18	3
4930428D20Rik	32	3
Mrpl15	343	151
Heatr9	29	6
Ypel4	104	42
Adamts8	53	34
Gm36406	22	5
Ralgps1	487	213
D330050G23Rik	49	19
Adamtsl2	265	132
2310005E17Rik	38	9
Lincmd1	27	8
Slitrk6	12	1
Gm27151	24	5
Mmp9	246	149
Acp7	36	28
Ppp2r2b	14	6
Usf1	494	215
Nkx2-1	24	16
Gm17025	45	9
Psma6	59	22
Serpinb3b	14	4
Myo1d	293	145
Tbc1d9	54	39
Sh3bgr	32	16
Gm5458	17	11
Spns3	266	156
Krt5	25	9
Gm6093	20	5
Gm11545	32	12
4930447A16Rik	34	4
Lgals3	110	43
Cenpj	507	191
Abcb7	174	85
Ddr2	25	5
Gcnt2	20	15
4930463O16Rik	35	11
Spaar	63	20
Eif3h	441	164
Kcnj14	82	32
Gm34235	17	15
9030204H09Rik	39	14
Slc22a28	14	7
C630028M04Rik	14	5
Rab31	452	216
Ano1	50	22
Gm136	37	12
Otogl	22	3
Ovol2	289	163
Gm5947	14	3
Lrrc74a	42	24
Chrm3	23	11
Hapln1	96	39
Rimkla	264	179
Gm40617	170	78
Akap11	453	169
Mlxipl	50	10
Slc7a12	24	9
Pla2g2f	43	15
Gm20877	0	0
Cacng5	52	23
Stk36	392	179
Cenpu	350	168
Gm9999	50	9
E030011O05Rik	61	25
Ms4a19	37	6
Chd2	438	163
Il1b	46	16
Morc1	21	6
Alx3	95	47
Thrsp	47	19
Lgi4	73	21
Npffr1	57	26
Trim10	27	17
Zranb2	441	192
Nostrin	112	46
4930474G06Rik	16	6
Gm29729	11	5
Vldlr	93	55
Eea1	458	225
Magea14	36	13
Nckap1l	469	171
Mmp8	27	10
4921504E06Rik	381	175
Pcdhgb5	82	40
Gm20356	14	4
Zfp663	47	20
Plekha6	41	23
9430069I07Rik	19	8
Dpy19l4	470	223
Lmod3	28	8
Ghitm	423	184
Muc16	24	13
Rgs16	286	125
Tek	14	6
Dlc1	21	7
Ube2ql1	224	133
Vwde	8	12
Gm15343	46	13
Alg14	473	179
Lum	16	5
Pygo1	313	184
Nploc4	386	215
Eps8	210	127
Grip1os1	21	12
Vmn2r59	18	2
Gm35993	33	21
Gm36691	58	33
Ccna1	31	16
Tmx1	341	178
Nav1	355	197
Vmn2r111	17	5
Pdyn	41	16
Ccdc3	46	14
Allc	21	11
Unc45b	73	32
Mon2	482	202
Mrgpra6	15	7
Igfals	81	49
Krt7	47	11
Diaph2	301	129
2510003B16Rik	362	154
Serpinb9f	21	3
Gjb2	196	99
F12	57	25
4930470P17Rik	27	9
Prol1	14	8
Unc93a2	60	21
Gm8126	15	8
Tmprss11f	20	7
Igdcc4	119	58
C330004P14Rik	20	5
Dkk3	62	29
Tecta	37	7
Gpr20	64	25
Snx11	517	196
Grpr	55	18
Fcrl6	37	10
Anapc1	316	158
1700029H14Rik	53	19
Phf8	433	196
Peg3	57	35
Slc22a6	38	11
Rbbp8nl	57	21
Ntrk2	26	17
Prl2c1	11	5
100041504	14	5
Myoz1	43	14
Vtcn1	44	11
Fam133b	433	193
Mup9	24	16
Serpinb1a	55	22
Mymk	39	20
Cd22	62	20
Obox5	19	5
Gm41790	55	28
Ddc	33	7
Klk6	30	16
2310030A07Rik	17	2
Prdx4	182	112
Nlrp4e	24	7
Miga1	272	130
Ubxn2b	349	193
Crybb3	38	22
Trem3	22	16
Apoc2	35	22
Dnajc19	328	184
Dnajc1	453	221
Matn3	67	39
Vmn2r24	22	4
Zfp449	224	109
Ccl5	54	25
Ttr	23	14
Mcts1	203	95
Dhrs7c	25	13
Vmn2r33	14	8
Adgrv1	20	8
Dsg3	23	6
Slc16a12	36	13
Scnn1g	63	38
9230116N13Rik	203	85
Espnl	37	29
Ccr6	37	11
5430434I15Rik	19	8
Tmem235	145	67
Bloc1s2	473	199
Spag6	167	104
Grik3	35	8
Prl7b1	11	4
4933436E23Rik	13	12
Clcnkb	76	18
D930015M05Rik	48	26
Nat8f5	41	15
Gm32014	17	10
Gpr4	141	58
Dusp3	217	142
Ptx3	26	12
Gbx2	32	21
Adam26b	10	15
Zdbf2	12	6
4930546C10Rik	197	81
Crbn	405	200
Tsx	20	14
Gnl3l	284	152
Mansc1	394	263
Pcbd1	38	22
LOC100125594	16	7
Dlgap4	300	189
Gm10668	28	14
Nrg3	23	8
Hspb8	23	19
S1pr3	44	18
Vmn2r38	10	5
Cldn1	47	10
Tcl1b5	22	6
Mei1	44	20
Spata21	50	14
Lipo1	30	3
Cachd1	17	13
Prss55	33	12
Arrdc5	77	42
Gm21188	28	6
4933424M12Rik	82	28
4930441J16Rik	27	8
Nhej1	285	110
Josd2	359	196
Defb23	50	7
AU022754	51	25
Oas2	334	217
Tmem200a	45	29
Gm3728	10	1
Spock3	18	8
Hnf1a	50	14
Mageb5b	13	8
Gm20758	29	4
Pnpla1	39	17
Itga1	58	20
Fam149a	37	9
Rspo2	23	11
Prl7d1	9	6
9230019H11Rik	24	11
Gm1110	23	5
Dtd1	349	145
Copb1	335	179
Plau	352	162
Tnnt3	48	29
Hsf2bp	288	143
Crb2	42	16
Gm15328	34	8
Itln1	27	9
Zswim2	63	34
Kcne1	40	13
Adap2	419	230
Gm1965	32	12
Gm17745	123	42
Chil4	25	9
Tlr9	113	63
Gm4876	16	9
Ngp	54	22
Gprin2	309	155
Axdnd1	297	119
Scn3a	25	12
Rab3b	348	160
Ces2b	35	9
Cd40lg	83	18
Zfp708	19	15
Ndp	20	8
Adcy4	61	50
Olfr374	44	12
Ifi27l2b	37	7
Pkn2	430	194
A730056A06Rik	446	225
Prxl2a	445	221
Ppp1r2	353	158
Gm7932	79	39
Prkd1	31	11
Atp6v1g3	48	31
Tuba3b	102	44
Barx2	66	35
Fxr2	431	198
9430021M05Rik	34	15
Ext2	492	202
A330076C08Rik	47	11
Arap3	179	74
Tagap1	478	173
Gfral	12	10
Tnfaip2	64	42
4931408C20Rik	96	34
Hsd3b2	20	13
Eras	80	39
Sdsl	58	15
Gm40271	51	18
Spata31d1c	31	13
4930567K20Rik	17	3
Col19a1	17	4
Rasgrf2	42	22
Gm15723	19	8
Plaat5	50	22
Gm42262	13	10
Lipo3	162	74
Rhd	41	19
Foxn1	45	25
2010106E10Rik	22	2
Pramel26	18	7
Cdyl	20	17
Bfsp2	52	9
Mfap2	125	52
Cyp3a11	16	11
Klk1b16	28	7
Cyp2j13	23	10
Boc	342	180
1700028J19Rik	33	17
Spatc1	44	23
Gm20098	177	82
Supt16	360	203
Nat8f4	249	92
Ash1l	42	13
Csf2rb2	62	17
Lexm	232	77
Zfp534	30	10
Clec12b	34	5
Kcnq1	78	61
Slamf9	45	15
Gm10336	28	14
Pramel5	21	7
Cenpi	155	55
Prickle3	349	165
Gm30933	425	228
Gm19428	15	8
Atf7ip	475	199
Hgfac	228	142
Lipc	28	11
A330102I10Rik	34	16
Ablim3	289	139
Irak1bp1	349	238
Gm13043	18	6
Sox5	25	13
Emx1	42	23
1700097N02Rik	385	158
Gsg1	84	37
Arhgef28	240	142
Klk1b22	44	11
Vsig2	55	16
Wdr13	431	159
H2-M10.6	42	24
Olfr1437	18	16
Ush1g	87	51
Gm6498	159	67
Cyp4a12a	14	7
Abhd5	472	201
Megf8	448	218
Sftpd	22	9
E2f5	288	177
Gm15455	33	16
Pcdhb7	29	9
Gpr101	17	7
Far2	18	5
Zfp746	389	210
Oprd1	81	29
Cabp2	77	26
Lrrc4c	19	10
Opn1sw	52	8
Clec2m	30	15
Hmgcs2	87	22
Slc38a4	45	12
Yipf5	379	161
H2-M9	40	12
Tmcc3	35	27
Kpna7	38	10
Gm12974	365	153
Il6	20	19
Iho1	40	17
C5ar1	35	10
Tfap2d	9	6
Zfp820	156	61
3110009F21Rik	36	17
Etaa1os	245	94
Gm5431	184	109
Ly6f	36	9
Cyp19a1	25	11
Ren2	52	33
Ankfn1	35	14
Lyplal1	65	37
Porcn	182	72
Fgf10	18	8
4933422A05Rik	29	18
Ralgps2	444	210
Nme4	452	207
Nlrp1a	55	33
Nrip2	30	10
Lep	44	14
Eml2	149	77
Actg2	59	7
Oog2	30	5
Mmrn2	41	20
Slc5a9	28	21
Clca2	32	9
Rbms3	35	11
Myh4	23	10
Csrp1	122	57
Evc	27	12
Fam171b	230	111
Kdm4d	488	209
Rhot1	352	131
Sag	44	6
Sec1	91	38
Lyg2	26	12
Fam13c	30	14
Cplx3	56	29
Tubd1	483	218
Zfp773	380	180
Dcp2	446	176
Tsr2	237	94
Prss2	11	4
Noxa1	42	16
Col1a1	256	130
Gm19345	51	25
Tmem179	37	19
Gm12853	34	12
Asf1a	470	204
Gm14525	20	10
Entpd4b	231	139
Fer1l5	43	16
Kcnj15	54	20
Tmem219	65	23
Lrrc15	67	37
Rhox3f	21	8
Rnf141	461	178
Clgn	52	21
Barhl2	273	148
Fcrls	33	13
Gm17124	34	11
Tmem255a	376	173
Cyp11a1	176	70
Il1r2	337	110
Sbk2	101	33
Xkr7	118	47
Ceacam18	47	7
4930591E09Rik	11	2
Cpa4	44	8
Catspere1	26	5
Pcbd2	346	133
Cbx3	411	168
Adgrl3	21	13
Gsdma3	49	7
9230020A06Rik	30	11
Ankdd1a	48	21
Lrrk1	182	115
Gm29514	19	15
Gm31138	21	13
Gm32123	120	66
Prpsap2	270	107
1700039E22Rik	366	178
Cfap43	195	87
Pigr	37	15
Dlx5	28	13
Cldn34c1	293	146
Siglece	52	13
Brca2	345	161
Tmprss11a	27	5
Ak7	41	25
Cntnap2	21	4
Kbtbd8os	298	142
Tlr13	17	10
Gm40178	22	4
Zfp934	297	157
Lrrc17	18	4
Gm21330	0	0
Cmtr2	369	193
Gm32168	100	27
Plscr2	50	9
Psma8	12	8
Olfr58	6	4
Kcnmb1	34	17
Fndc4	444	232
Sema4b	352	176
Ecm2	18	7
Htra3	34	11
Clmn	141	72
Lama2	7	4
Samd15	447	214
Zfp985	34	18
Chrnb2	71	25
Trim47	172	106
Tex21	21	13
Gpr1	19	6
Gprasp1	254	98
Gm4311	55	16
Syt3	169	102
1700110I01Rik	27	9
Usp11	210	86
Sdhc	373	182
Nid2	184	122
Ankrd53	291	129
Fam83c	49	31
4930486L24Rik	19	12
Gm15880	211	102
Bloc1s6	428	218
Gm27198	24	10
Gm34181	29	18
Lemd1	82	49
Cstf2	293	112
Tctn1	414	156
1700001D01Rik	22	10
Serping1	41	12
Chil1	52	11
Fam71f2	44	12
1700011L22Rik	31	16
Tuba1a	310	135
Tnxb	54	18
5430403N17Rik	38	6
A630010A05Rik	20	6
Arr3	20	3
1700092C02Rik	51	14
Stfa2l1	21	8
Gp2	21	14
Nudt12	158	82
Ptk6	67	31
Spdye4a	38	18
Tyw3	395	176
Raver2	385	217
Prss32	56	19
Fbxo16	43	17
Gm12108	25	23
Gm51871	30	8
Pantr2	75	24
Srsf12	450	176
Ddx18	298	148
Snph	181	95
4930507D10Rik	44	11
Nkpd1	96	38
Gm6639	13	4
2310057J18Rik	19	2
Svbp	323	157
Ghdc	394	165
Glt28d2	401	238
Brs3	29	4
Adamtsl5	183	93
Borcs7	174	55
4930453N24Rik	385	179
Dennd10	403	181
Klrb1-ps1	27	12
Phox2a	264	98
Cdrt4os1	38	11
C230029F24Rik	12	1
Cul2	391	180
Aard	28	5
Cmc4	235	100
Cfap299	129	65
Gm4827	38	15
1700092C10Rik	19	7
Tro	81	23
Ms4a12	21	7
Gm4871	43	5
Lmo1	111	39
Ormdl1	374	172
Fan1	354	147
Gm6961	41	8
Lmod1	58	17
Tcaim	420	176
Gpx7	247	118
Pde6h	44	12
Vwa1	432	209
Nlgn1	17	12
Mfrp	89	23
Zfp772	250	95
Ttll4	294	151
Pitx1	22	20
Elavl2	9	5
Gm12925	423	228
Krt81	32	12
Gm14092	23	11
Fbxw17	417	205
Prl8a2	11	5
Csgalnact2	246	119
Gm4850	13	1
Sox11	19	11
Ndufc1	322	140
Aknad1	30	13
Prss1	6	1
Mgat4f	43	19
Chst5	30	11
C730014E05Rik	445	226
Fmo3	26	10
Gm8417	11	5
Gabrd	134	87
Cav2	289	170
Vsx2	141	66
Krt78	29	8
Serpinb9e	30	10
4930515L03Rik	19	6
Mtus1	36	17
Myo16	25	14
Vtn	370	160
1810006J02Rik	322	123
Lhx8	42	20
Slx4	177	96
Olfr1202	11	9
Myo1h	42	20
Il19	39	14
2310043O21Rik	39	12
Ttll3	75	25
Zfp42	22	6
Krt28	31	9
9030625G05Rik	40	22
Ankar	13	8
Tmem26	94	47
Cts3	19	6
Rab23	266	159
Ttll13	236	105
Hsd17b12	425	195
Caps2	26	13
Gm16158	71	45
4930432O09Rik	29	9
Clrn1	23	9
Tead2	81	44
Esp24	10	6
Nprl3	365	168
Uggt2	23	12
Pcsk9	50	41
Dusp26	39	18
Pla2g4d	40	19
Obox6	14	5
Tnfrsf11b	20	3
Gm11944	68	26
Ccdc15	415	205
Dctd	18	13
Prkag2os1	65	27
Slco6c1	17	6
Slc6a11	35	17
4930405O22Rik	27	15
Atf7ip2	37	21
Nr5a2	20	9
Fut1	54	26
Mb	23	20
Gm46458	66	17
Gm20139	26	10
8030443G20Rik	26	9
Rida	411	178
Map1b	422	205
Sumf1	407	197
Ldlrad2	69	23
Gpx5	26	16
Ppp1r14a	307	138
Cndp1	21	14
Rgs4	21	4
Stmn2	27	12
Fscn3	96	52
Mir467a-4	35	14
Dkk1	27	10
Esam	64	33
Dmgdh	34	7
Pitpnm2os1	245	120
Cideb	57	22
A330015K06Rik	19	7
Btk	49	21
Adgrf3	51	15
Pcdhb17	26	7
Mov10l1	21	13
AA792892	37	18
Slc34a3	60	36
1110015O18Rik	5	4
Gm13974	17	8
1700109I08Rik	31	8
Pabpn1l	74	34
Cthrc1	51	27
Sync	350	192
Notum	420	242
4933406J10Rik	38	10
Gm8251	23	9
Hgf	47	19
Luzp4	25	8
Neurod4	25	5
Tarsl2	370	161
Qrfpr	27	7
Stoml3	42	14
Nucks1	444	194
Braf	447	231
2410004I01Rik	49	15
Cabyr	335	128
Minar2	13	4
Fkbp6	31	6
Kcns2	35	16
Eif2s3y	1	0
Tmem242	457	183
Pabpc6	25	8
Heyl	297	165
Nkain4	176	90
Gm6260	13	3
Zcchc18	456	200
Alms1-ps2	25	7
Chgb	45	28
Rap1gap2	114	52
Cgref1	112	41
Igfbp5	21	11
Tmem204	58	21
Adgrb1	39	19
Naa16	507	210
Btbd35f14	12	8
Gm14596	19	9
Vsnl1	24	7
Vegfd	14	7
Obox1	26	7
Trim55	29	18
Gm19299	29	13
Gfm1	440	229
Slc25a5	302	135
Pnn	457	212
Mtmr1	456	199
Triml1	22	7
Ankrd36	40	13
Acyp1	240	99
Kcne2	35	15
Angpt4	49	19
Zfp873	299	141
Gcfc2	308	160
Eno1b	34	23
Gm12298	38	9
Prelid3a	362	196
Aunip	387	129
Ptch2	142	90
Rxylt1	508	181
Snhg11	51	15
Zfp970	267	135
S100a9	19	15
Edn1	249	120
Tubb1	34	8
5730455P16Rik	363	157
Mroh9	20	4
Clec2e	13	10
Mob4	453	187
Gm16316	47	16
Fam205a1	26	6
Gm527	288	140
Gm38397	27	13
Fbxw24	29	7
1700100I10Rik	57	35
4930407G08Rik	38	6
Cd300lb	33	11
Camsap3	361	179
Mrpl13	458	218
Gm5168	18	5
Trpc5os	19	8
Col8a2	176	90
Kcnip2	268	156
G630064G18Rik	11	6
Platr30	47	18
Ttc33	431	239
Clec4b1	18	5
Prcd	83	36
5930403L14Rik	205	140
Krt42	36	18
100039484	77	27
Gm1527	12	6
4930503O07Rik	25	11
Fbxw2	506	201
Fbxo43	311	138
Acot9	188	68
Riiad1	44	8
Tmem196	13	3
Gm5169	20	9
Pcdhga5	127	67
Gng4	440	216
Rbm20	365	196
Mecom	300	138
Polr2k	334	142
Nhsl1	388	182
Il23r	21	4
Tbx22	14	1
Defb37	29	4
Ccl11	30	4
Tal2	33	18
Zic4	31	17
Hoga1	97	37
Gm29804	13	11
Jade3	313	133
Armc2	464	196
Wfdc3	71	39
Gm12371	13	3
Gm6902	30	13
Celf3	39	15
4930515L19Rik	20	13
Ces2h	33	15
Tekt1	71	20
Kcnip1	48	17
Zfp931	452	174
Hc	19	10
B4galt6	21	6
Adam12	107	58
Dpy30	36	13
Wdr70	277	123
Ccdc162	27	7
Robo3	43	16
Gm14250	29	13
Nrxn3	21	6
Gpr61	56	15
Pdzrn3	228	138
1700121N20Rik	40	12
Cib4	49	10
Rsph14	43	25
Fam71e2	54	27
Clstn2	29	10
Ccdc34	413	245
Fntb	510	195
Apol9a	63	34
Zfp648	38	9
Haus6	457	227
Gm16497	9	3
Robo4	54	19
Ccdc181	253	99
Tomm7	269	125
Dpp6	25	7
6330525I24Rik	289	173
AW209491	392	213
Cyp11b1	48	17
Snord3b4	453	171
Zscan30	223	127
4930595D18Rik	93	58
Frrs1	420	182
Gm8978	18	7
Fbxo25	425	214
Ajap1	28	14
Tmem59l	411	200
Slc25a26	465	184
Lyz1	35	12
Rin1	90	28
Gjd4	26	3
Osbpl10	369	198
Adcy6	471	213
Igf2os	322	135
Prr27	10	5
Adora3	38	9
Khdrbs2	12	4
Itga10	41	15
Lca5	470	179
Gm38416	25	11
1700109G14Rik	27	8
Slc25a24	430	171
Slc10a6	17	12
Psmd11	433	212
Artn	81	35
Ezh1	426	179
Naaladl2	7	9
Mef2b	168	53
Slc24a2	37	9
Gm20819	0	0
Kantr	210	94
Cyp2j12	11	4
Tgfbi	42	16
Slc2a5	46	28
Odf3l2	50	26
Anxa1	29	12
Ergic3	346	162
Kdm1a	406	159
Cops4	420	219
Fam189a2	42	8
Cavin2	13	9
Gemin6	444	188
Nhlh2	25	8
Kif4	371	162
Enam	17	1
Fbxo4	332	142
Kcnk12	121	68
Hoxb3	71	20
Smarcad1	399	182
4930513L16Rik	35	19
Mir1a-1hg	37	19
Klrb1b	31	5
D130040H23Rik	355	151
Tex24	19	4
Klf15	78	38
Gm3716	86	43
Klhl30	28	22
Glra4	39	9
Hoxd10	44	19
Treml1	36	20
1700123O12Rik	22	12
1700108J01Rik	28	7
Gpr173	51	7
Slc35d1	385	208
Cd93	61	42
Mcoln3	269	132
Enpp5	368	175
Sult3a1	7	5
St6galnac5	303	169
Iqub	31	17
Olfr1157	2	7
4933407K13Rik	210	101
Skint6	19	3
Sertad4	161	67
Araf	376	144
Sf1	443	220
Tmem230	455	140
4921513I03Rik	40	8
Pakap	63	34
Gm51695	22	13
Matk	286	130
Lefty2	88	35
Tll2	140	83
4930572O13Rik	43	14
Pex11g	357	210
Dnmt1	60	25
Oacyl	91	67
Nell1os	18	7
Dppa2	18	4
Krt74	40	20
Eml5	423	196
Fgf12	16	3
Agr3	19	4
Mir124-2hg	21	5
Clrn3	35	6
Ephb4	59	12
4921531P14Rik	22	5
LOC100043315	13	9
Nup210l	42	15
Ripply2	49	8
Cyp2d34	43	14
4922502B01Rik	24	5
Samd3	31	20
1700057H15Rik	44	11
Clvs2	9	6
Zfp14	427	198
Hvcn1	365	185
Ifitm7	43	14
Smad2	431	191
Gzmn	42	9
Dydc2	29	12
Ccl19-ps1	19	6
Mrpl38	438	222
Rtraf	348	167
Kif12	45	13
Insyn2a	31	8
Sostdc1	55	21
Wdr11	351	184
4930545E07Rik	9	7
Loxl1	32	23
Sec23b	508	188
Rab32	391	252
Fktn	516	200
Gm15501	16	8
4933416E03Rik	26	11
Mup12	30	6
Snx4	486	215
Prrxl1	16	12
4930564D02Rik	31	11
Gm4251	41	11
Art2a	153	82
1700091H14Rik	45	7
Slc26a5	18	10
Edil3	34	13
1700031M16Rik	26	8
Ehhadh	401	223
Tex36	32	10
Saa4	45	14
Gm20611	33	14
Xpot	444	231
Rpap1	367	193
Elac1	325	174
Cdhr5	96	60
She	429	187
Themis3	32	7
Cyp2e1	30	13
Gm53063	13	9
Tekt5	104	40
Vmn2r89	11	2
Gm21454	0	0
Exd2	366	172
Gm14317	70	41
Gm29685	14	2
Gm12320	54	18
Hectd2os	28	14
Nxnl1	142	70
Spata22	19	6
Cracr2b	284	141
Gpr12	19	22
Mmgt1	313	131
Hhipl1	64	38
Marf1	381	141
Prl3d3	9	2
D14Ertd670e	77	25
Mettl7a2	48	22
Gosr1	313	159
Obox3	27	6
Tep1	465	152
Pmpcb	427	185
Mnx1	27	21
4930556M19Rik	258	192
C330026H20Rik	52	20
3830432H09Rik	49	17
Spc25	410	213
Oaz3	35	15
9130221F21Rik	29	10
Ccm2l	25	8
Zcwpw2	450	198
Glrp1	93	33
Ugt2a2	4	2
4930423M02Rik	43	7
Pdzk1	30	12
Ripk4	264	136
Speer4cos	94	19
Pcdha11	26	7
Tnip3	30	13
Ccdc85a	31	4
Gm4736	14	7
A330033J07Rik	65	45
Bicral	41	31
Gpr88	35	12
Kbtbd8	302	150
A530072M11Rik	448	216
Rnf212	33	7
Nfasc	41	15
Naa11	19	10
Gm31057	69	50
Pramel30	19	8
6430710C18Rik	39	21
Antxrl	22	13
F13b	7	3
Krt86	54	14
Gm1113	40	8
Vmn2r81	10	6
Hsd3b5	20	4
C87198	18	8
Kirrel	57	27
Gm11487	22	8
H2-M10.4	19	10
Cxcl14	23	12
1700028P14Rik	26	13
Mroh2b	30	3
9430015G10Rik	422	172
Serpine3	20	8
Cdh2	42	18
Ccdc122	235	135
Zfhx4	52	22
Dkc1	391	170
Nme9	36	10
Galr1	22	18
Kcne4	22	7
Fbxl5	425	195
Dcun1d5	201	104
Gpm6a	21	6
Gm10466	12	9
Fam193a	470	199
F5	28	5
Pcdhb3	18	4
4933402N22Rik	31	12
Fat1	23	7
Myo3a	16	2
Lrit2	24	8
Kif19a	161	89
Klre1	17	7
Onecut2	33	18
Pkhd1l1	80	54
Scimp	48	24
Rap1gapos	107	53
Slc35a2	364	141
Mfsd4b2	77	45
Ppfia2	15	5
Gm4610	42	11
Marchf1	11	11
Cnrip1	213	89
Wfikkn2	430	226
Vmn2r20	9	6
Bhlha15	201	86
Csn2	9	2
Htr2c	32	11
Gm19589	245	104
Bcl2l10	30	7
Olfm3	17	3
Ces1b	26	12
Lyrm9	389	198
Timp3	74	30
Hymai	181	108
Gm16701	351	192
Gm38423	23	11
Tmem130	54	25
Lilrb4b	21	14
Gm10857	33	12
Lcn12	46	43
Srxn1	152	65
Gm12415	18	9
Wap	41	19
Gm20878	158	85
Slc6a20b	52	19
Mir683-2	14	6
Ret	270	162
Sirt5	69	25
Ccdc62	451	201
Dpp8	402	172
Csf2rb	48	15
5730552O08Rik	157	73
Gm8817	31	10
Glipr1l2	11	5
Gm20556	49	12
Rasl12	213	116
Tmem170	393	184
Rpp30	401	226
Ms4a6c	171	84
Tbc1d30	457	205
Slc19a3	24	10
Zbbx	18	7
Csnka2ip	23	2
Snrnp27	498	210
Gm20931	3	0
Thbs2	13	8
Atp1a2	40	10
Mrgprd	45	14
Pcdhb5	12	13
Gm10494	32	13
Zfp936	49	14
Gm11482	40	12
Nkx2-3	290	162
Bpnt1	421	183
Sall2	58	20
Cep72	234	129
5031434C07Rik	16	3
Vmn2r22	20	4
Ckap5	339	111
Hhatl	65	16
Synm	236	110
Nsun6	483	193
Vmn2r13	19	5
Onecut1	84	64
Srprb	298	145
Klk1b1	32	15
Figla	35	12
Zmym1	293	109
Ppil2	377	155
Prss29	29	22
9530034E10Rik	43	17
Otop1	51	16
Ccdc113	115	59
Lrtm2	139	52
Gm14496	28	4
Exosc10	401	204
Cxcl17	42	30
Utp23	404	158
Zfp160	355	151
Cnga4	45	16
Prl7a1	9	4
Dusp19	477	194
Nfe2	423	200
Mospd1	360	154
Rb1	415	211
Kifc3	21	13
1700049E22Rik	21	12
Tex45	48	27
Gm5767	35	16
Apobec2	57	25
Grin1	132	42
Eif2c5	21	14
Septin12	45	21
Tent5b	311	168
Tmem238l	27	9
Fcna	45	21
Cntn5	23	8
Tada2a	368	194
Tmed8	457	222
Gm7444	34	15
Scara5	28	14
Gm17767	217	108
Gm7073	13	13
Crygs	43	16
Tead4	95	44
Gm36037	27	19
Esx1	160	100
Gm29461	21	5
Afap1l1	154	68
Mir466b-4	26	15
Cphx1	29	12
Trim52	9	8
Prodh	415	207
Xiap	225	92
Rtn1	42	18
Il21	23	11
Pldi	40	20
Fundc2	174	76
Gm12111	33	14
Stox1	369	171
Ppargc1a	9	5
Cyp20a1	510	193
Mill2	218	113
1700003E16Rik	399	204
Gata1	45	13
Accsl	21	19
Syn2	210	114
Gpr87	13	11
Rtca	428	226
Cbfa2t3	116	58
Eml6	92	57
Foxr2	21	5
Rims4	69	27
Cdh23	109	30
Vmn2r122	8	3
Spata31d1a	299	150
Krt13	32	7
Gm31641	59	27
Zfp712	441	223
Gm45623	44	13
Inpp5b	379	246
Lyz2	30	16
Pigk	363	232
Impa1	389	156
Defb45	30	12
Copz2	209	129
Khdrbs3	128	53
Mtarc1	50	14
4930526I15Rik	492	193
Eef1akmt2	297	134
Styx	307	136
Ccdc30	406	193
Gkn2	25	18
Gal3st2c	32	13
1700125H20Rik	97	37
Sacs	26	17
Gsta4	267	131
Irs4	18	9
Ace3	54	22
Gm7931	33	7
Gm5524	24	7
Saxo1	58	9
Wwc1	28	15
AI661453	196	106
H2al1i	22	6
Ttc39aos1	90	35
Utrn	33	16
Otx2	27	8
Hmgcs1	615	256
Cdc6	628	258
4933408J17Rik	461	239
Rab11fip5	818	425
Lrpap1	491	233
Hspa12a	636	316
Sowahc	933	483
BC025920	749	284
Arl6ip1	573	223
AB010352	594	267
Msl3	800	355
Aarsd1	510	240
Ppp2r5c	686	303
C1galt1	663	273
Disc1	699	389
Gm27217	844	482
Aamp	992	433
Anks3	799	355
Dnajb4	564	240
Sestd1	514	237
Ankrd42	550	266
Ppfia3	789	346
Pmf1	639	298
Ptbp3	860	327
Pitpnb	600	299
Jpt2	706	266
Bora	595	288
Klhl26	687	333
Iqcb1	484	234
Ehbp1	665	349
Abca1	751	338
Peg13	955	514
Abl1	732	314
Ttc7b	612	315
Socs7	911	510
Mtdh	777	366
Ndufb8	656	322
Stat6	1601	640
Get3	1049	369
Mrpl21	670	337
Zxdc	830	467
Bmpr2	829	399
Dglucy	633	285
Zfp703	1562	838
Mettl27	738	328
Dut	600	340
Ccnd3	2721	1245
Ccdc103	623	229
Nf1	616	291
Knop1	658	330
Otud4	678	293
Cnot6	625	288
Bckdha	723	335
Cfap52	455	250
Pank4	954	413
Inpp5e	519	291
Arsg	930	458
Pdlim7	778	452
H13	1354	647
Hdlbp	971	401
Ppp4c	685	333
Itih5	754	397
Lpar2	842	440
Txnrd3	587	249
Clip2	854	420
Alg1	463	252
Nup54	620	244
Rbm33	685	291
Paf1	930	338
Ubap2l	650	290
A230028O05Rik	607	305
Mrps23	466	272
Mib2	677	272
4931440J10Rik	804	333
Tnfrsf1a	1660	803
Etfb	1070	440
Wdfy1	804	360
Septin1	1891	881
Tmem8b	620	270
Acer2	564	287
Dbnl	1168	510
Crebl2	517	231
Srek1ip1	651	346
Ulk4	609	287
Lrp10	522	224
Tbx1	737	414
Mrpl2	993	430
Paxbp1	605	323
Pcnx	516	247
Fhip2b	532	210
Arhgap18	495	231
Tmem164	751	291
Tra2a	517	231
Prelid3b	769	342
Casp9	512	252
Aldh18a1	948	375
Zmynd19	736	387
Dmwd	439	256
Ccnjl	759	386
Tnip2	887	362
Dpp7	495	240
Cbr3	744	445
Ggn	635	352
Ranbp1	1078	520
Psmd2	609	289
Pou6f1	1172	587
Ifi208	797	301
Slc1a5	1504	764
Zfp444	971	449
Dlx1	824	457
Snrnp40	736	282
Smchd1	970	441
Spata32	644	263
Prr14l	622	230
Pan2	710	328
Bbs9	518	219
Coq8a	710	344
Itga3	805	395
Ntrk3	777	410
Gm38250	1170	496
BC005624	749	298
AI854703	785	438
Foxn2	698	281
Zfp28	515	272
Smim12	582	329
Pik3r2	1163	523
Vcan	555	315
Acot7	1243	651
Rsrp1	1119	495
Traf2	535	223
Zfp689	692	294
Zfp128	505	235
Gm15663	1310	547
Ipmk	957	424
4930417O13Rik	1029	373
Cdca7l	509	232
Tspan14	1285	623
Casp8	873	304
Depdc1b	860	398
Tedc1	1168	490
Tsc22d1	905	507
Minpp1	558	250
Zfp36l1	1560	709
Ftx	654	280
Asb1	999	559
Ap2a2	1132	487
Cenpc1	729	307
Eno1	1477	702
Gm37065	1159	553
Stambp	668	313
Usp20	762	315
Pofut1	736	332
Pabpn1	636	252
Arl15	780	331
Pmaip1	612	294
6430571L13Rik	691	305
Sin3b	649	302
Uhrf1bp1l	563	240
Mydgf	720	324
Mex3b	1463	724
Ccng2	730	278
Irak3	534	241
Usp22	863	352
Ippk	814	377
Flicr	1086	480
Thumpd3	876	339
Ankfy1	581	225
Ppp2r5d	1038	489
Oxct1	633	360
Ndufb9	763	367
Pars2	490	230
Tnfrsf14	1975	927
Det1	549	223
Ppp2r5e	565	246
Ms4a6b	1449	601
Swi5	918	370
Gtf2h3	627	344
Foxj2	991	499
Gga3	1006	533
Opn3	687	283
Stk17b	662	283
Hk1os	1227	563
1700037H04Rik	1309	600
Inip	508	213
Slc38a9	539	210
Mphosph8	728	290
Mtmr14	662	334
Slc4a2	1305	543
Atp13a3	1232	578
Rpl21	695	308
Mbd6	1241	498
Leng8	803	363
Rps6ka1	1084	515
Dlg4	934	384
Rest	541	230
Rfx5	713	259
Slc35a5	750	327
1700086O06Rik	520	223
Dnaaf4	497	260
Tmem263	758	387
Vps33b	753	360
Fam168a	676	230
Brip1	827	409
Ccdc85c	1180	601
Xkr5	799	423
Evl	609	273
Mtfr1l	1140	503
Dnmt3b	988	501
Cables2	1339	610
Rgs2	779	302
Rasal3	1380	532
Myo5a	587	331
Sec23a	773	350
Plk1	702	352
Iqgap1	814	340
Zfp637	543	246
Spata6	765	352
Dazap2	1087	512
Gtf2ird1	1067	571
Unc93b1	1112	485
Atcayos	564	303
Rad54l2	591	275
Zfp647	634	324
Tmem101	516	259
Peli2	595	270
Stx8	537	298
Tapbpl	1924	916
Bsg	788	363
Agrn	1032	511
Nfya	887	375
Fkbp4	778	439
Gatd3a	773	347
Zfp330	608	250
Max	1071	430
Ntpcr	546	256
Gm39918	766	283
Slc35b3	630	272
BC106179	1530	656
Ece1	1359	585
Eef1akmt3	1113	494
Dhrs7	656	294
Rhno1	688	292
Clic4	950	463
Map1lc3b	911	406
Noxo1	586	256
Wrap73	917	448
Hnrnpk	582	321
Pim3	1371	744
Micu3	649	276
Ccdc77	742	315
Swt1	573	254
Flna	1059	412
Map2k5	592	312
Rfx3	738	285
Slc18a1	581	246
Slc30a1	901	441
Gm34632	897	417
Sfswap	748	364
Ltn1	559	243
Chordc1	560	274
Cetn4	557	277
Ubr5	658	290
Rsbn1l	694	314
Kat6a	778	329
Ubald2	745	339
Zbtb49	826	418
Ccne2	1070	497
Spag7	809	385
4930473A02Rik	926	418
Cgas	587	306
Tbc1d9b	708	390
Tor1a	682	325
Peds1	1916	942
Spint2	906	396
Rab34	891	497
Ppp3ca	905	376
Pigm	764	401
Lrrc73	765	320
Pfkfb3	1060	466
Phkb	548	267
Tarbp2	1623	795
Leprotl1	1476	581
Ccdc32	588	213
2810410L24Rik	983	551
Atg5	614	215
Nckap5l	907	458
Pdia3	731	321
Zfp719	640	285
Efcab8	611	250
Nod1	853	408
Tbc1d22a	830	370
Dgat1	885	465
Ndufc2	572	272
Fhip2a	827	350
Slc7a5	1555	786
Mgll	600	289
Zswim4	1217	602
Ccna2	693	279
Mapk9	831	360
Alg5	845	404
Ntf5	588	286
Plcg1	1817	857
Gtf2f1	872	354
9330136K24Rik	775	257
Cib1	1060	503
Abhd2	1512	689
Dnaja3	583	304
Spryd3	675	277
Tubb5	888	411
Grk4	621	315
Rhebl1	544	252
Ulk2	519	305
Rnf14	544	231
Gnaq	681	338
Mrpl49	973	424
Flt3l	1140	460
Ncln	1627	718
Ptprc	767	325
Glrx5	1184	642
Ears2	664	339
Trap1	540	235
Bcl2l13	578	244
Ppp1r15b	1532	670
St8sia1	1752	795
0610030E20Rik	544	232
Rbbp4	747	371
Nsd3	1039	344
Optn	538	246
Pcyt2	754	379
LTO1	701	333
Bcl7a	851	429
Tubb2a	850	440
Lnpep	1001	397
Cyp51	616	296
Slamf1	600	266
Gnb1	872	384
Chl1	463	233
Pkm	1015	442
Yipf3	959	467
Thra	1220	518
1700008O03Rik	619	265
Exoc6b	688	325
Pou3f1	727	465
Cdk5rap1	537	228
Gpr137b-ps	789	386
Trir	1085	440
Nol8	713	342
Usp18	1303	564
Neurl1a	510	252
Slc35f6	738	340
Mfsd1	546	282
Trim39	848	410
Ripk3	804	361
Cdk1	1004	466
Fam104a	963	433
Mrpl46	680	303
Zzef1	782	359
Ube2l3	534	261
Bad	929	456
n-R5s142	1777	766
Os9	665	269
Rbpms2	893	468
Cox19	767	307
Gpd1l	816	390
Snai3	1092	522
Fnbp1l	657	339
Zfp428	615	325
Snu13	843	408
Vps8	608	238
Camsap2	962	426
6430590A07Rik	671	278
Smim14	560	245
Zfp39	607	286
Txndc5	650	296
Klhl2	713	344
Usp31	579	283
Eef1aknmt	688	297
Itgb5	774	376
Tbx21	1031	510
Cxxc5	1451	699
Il6ra	1600	849
Trp53inp2	865	401
Foxo6	691	392
Fabp5	921	431
Inca1	739	313
Dusp11	648	244
Slfn9	687	312
Dap3	779	346
Gm9530	601	242
Ankrd13c	581	264
Mpv17l	553	221
Dclre1b	746	321
Fbxo11	774	318
Tlr2	494	230
Ankrd34a	1191	574
1810021B22Rik	964	430
Dennd4a	629	231
Tbcd	535	277
Bag4	752	344
Rmdn3	685	377
Cdca7	888	455
Tmem216	541	230
Ttyh2	651	310
Nin	965	521
Mob3a	2091	891
Prrt1	1940	914
Ccdc163	566	256
Ggnbp1	584	259
Gmcl1	924	414
Pacsin3	998	433
Cbarp	1488	762
Oxsr1	952	459
Fuz	513	293
Vasp	1896	891
1700025G04Rik	1155	521
Rps19bp1	538	256
Gpsm1	951	417
Zkscan5	603	219
AI506816	494	290
U2surp	608	310
Dynlt2a1	596	229
Rilpl1	911	527
Rbm12b2	549	240
Ints12	576	292
Psma7	807	430
Ankrd13a	1184	551
Cdt1	932	468
Pigb	520	250
Taf1c	619	284
Spdl1	527	258
Tmem25	729	382
Dusp7	2924	1354
Arl2	881	354
Lgals1	1482	702
100039192	701	335
Nr1h2	488	224
Fanci	791	338
Lrrc8a	1715	774
Oga	809	340
2900060N12Rik	704	374
Spata13	749	370
Galk1	637	295
Ehd3	786	407
Ube2r2	791	357
Atmin	625	358
Lrpprc	868	377
Prdm9	543	212
Fbxw11	756	321
9930012K11Rik	968	443
Klhl22	711	338
St7	536	321
Brwd1	769	383
Slc25a23	850	455
Crtc3	681	340
Dmac2l	715	331
Gpbp1	537	304
Calm3	1046	446
Gm31728	704	303
Foxj3	595	263
Gfpt1	968	370
Lmo7	593	270
Cacnb3	635	335
Mycn	1113	613
Mrpl58	992	471
Ppp4r3a	785	417
Rinl	994	516
Zfp692	640	376
Bptf	684	325
Nxf1	581	243
Rpusd1	960	485
Cacul1	610	303
Taf12	748	327
Nfkbia	1488	711
Gpr18	1420	590
Cct3	729	287
Sfi1	526	216
Cacybp	637	266
Ndst1	1148	553
Mtrex	557	241
Ccl25	687	331
Nme6	541	266
Glce	969	407
Egln1	1071	603
Micu1	514	249
Mrm1	905	438
Elp4	639	291
Ube2z	654	313
Sec24c	534	228
Ptprj	1100	539
Brd1	810	371
Rab5if	1095	502
Lrrc75a	702	341
Hectd2	532	323
M6pr	546	295
Arhgap1	1138	493
Degs1	854	427
C1qtnf6	507	243
Relt	1055	449
Chmp1a	727	288
Bid	908	428
Ndufv1	632	277
Mast3	1626	776
Tmem30b	506	283
Slfn5	1057	450
Rell2	1324	701
Ccser1	589	344
Phf12	1496	646
Pbx2	1932	857
Esrp1	758	370
Ccdc38	892	329
Cd37	1065	471
Pcmtd1	593	229
Polr1e	735	338
Tmc6	2592	1204
Snrpf	459	252
E130317F20Rik	1592	790
Cnot4	794	379
Morn1	889	424
Nudc	608	244
Mak16	776	322
9930111J21Rik1	1151	486
Nadsyn1	655	262
Mfsd6	567	265
Mfsd2a	988	409
Hrk	677	333
Trmt61a	1262	623
Cilp2	952	450
Kdm2a	1169	506
Tnfsf11	685	311
Crot	553	258
Rusf1	624	329
Myl12a	536	263
Armc9	734	313
Mzt2	1005	491
Asl	654	305
Retreg1	1065	485
Cmtm4	626	371
Adgrg5	1321	668
Neil3	462	242
Ipo8	498	248
Dnajb12	571	267
Pole	964	423
Mdfi	739	387
Lhfpl2	675	316
Acad11	691	341
Fbxo31	913	414
Dctn4	542	215
Tmem41b	561	265
Lig3	540	232
Ctss	561	196
St6galnac4	995	438
Urgcp	538	252
Mapre3	595	323
Nktr	673	291
Tbc1d16	759	354
n-R5s139	1777	766
B4galt1	1611	722
Gtpbp1	1314	555
Fzd4	976	544
Pltp	1205	571
n-R5s143	1777	766
Srpr	850	383
Piezo1	921	472
Sgsh	1789	781
Gm39213	561	246
Vsig10	691	421
Sumo3	815	388
Pam	567	296
Pdcl3	638	253
C8g	909	473
2210016F16Rik	546	241
Nek7	882	390
Prkcq	1553	688
Dlx4os	585	333
Sfxn2	771	339
Tspo	1109	579
Pnpla6	1573	751
Erc1	649	287
Chek1	674	326
Efcab11	878	321
Lamc1	887	461
Gm16062	821	411
Klhl6	1146	490
Cfap36	548	237
Msh6	546	290
Lrrc8c	1101	464
Rcan1	479	241
Pum3	803	373
Prkcd	1364	675
Pcyt1a	611	358
Msh3	692	282
Orai2	1558	726
Cstf1	833	412
Zfp780b	623	281
Atp6v1a	915	421
Adam19	553	244
Ilk	980	448
Klf13	1044	470
C2cd3	648	247
Spg7	654	323
Cep104	842	450
Rpl27a	821	340
Npepps	651	324
Mir22hg	1380	544
Pgap6	529	286
Ephb2	956	527
Etv5	893	424
Btbd1	725	307
Pms2	617	268
Kcnj8	588	224
Ube2j2	1032	461
Ampd3	606	314
Ksr1	693	334
Arhgef40	853	400
Gpsm2	752	320
Ubald1	1943	832
D030056L22Rik	580	286
Mvp	889	426
D17H6S56E-5	1450	641
Ppp2r1b	591	308
Map3k14	1715	732
Marchf5	767	408
Cep57	649	272
Mcl1	1076	463
Plxdc1	866	400
Klhl9	476	258
Il2rg	990	403
Tamalin	819	387
Cbx2	733	346
Dbn1	662	347
Mfsd14a	512	237
Eif4b	504	244
Tomm40	798	340
Slc16a6	1309	620
Rwdd1	654	297
Pikfyve	590	278
Trim8	1473	650
Ahsa1	867	382
Sema4c	1571	893
Chdh	509	283
Zfp574	887	368
Cplane2	817	360
Mgat3	783	355
Prkrip1	606	284
Rad1	539	263
Haus4	603	285
Zfp661	1071	527
Gm32817	702	376
Ddx50	595	266
A430005L14Rik	629	355
Naa50	947	401
Fars2	547	247
Sp1	587	277
Erbin	635	320
Aqp3	834	436
Zfyve19	650	272
Eya3	509	221
Pitpnm1	1883	841
Cdan1	815	402
Mthfd1l	600	302
Zdhhc8	996	473
Oas3	2198	912
Qser1	924	419
Arhgef1	2149	808
Tbk1	506	213
Tefm	699	290
Laptm4b	595	300
Efcab14	475	258
Nt5dc1	658	305
Tet2	700	288
Paip1	595	229
Klc2	897	386
Surf6	871	428
Mcm6	690	298
Xbp1	1073	439
Ehd4	761	369
Lhx2	559	257
Plpp3	471	295
Trip4	607	232
Ndufs3	608	237
Rnf150	653	335
Ttll11	738	388
Fh1	766	355
Samhd1	855	381
Iqch	526	268
Cdkn3	557	277
Sec22a	496	252
Gm32249	548	246
Plpp2	741	361
Tmem234	932	394
Vsir	2249	1051
R3hcc1l	629	273
Ntmt1	811	381
Myl6b	582	232
Gm12841	725	381
Fermt3	1649	837
Tfdp1	952	511
Zcchc24	883	433
Dedd	713	285
Gm13290	731	354
Extl1	682	377
Lrp1	613	317
Ctps	501	267
Vac14	744	346
Kcnh2	1139	608
Rab10	1034	449
Pgap2	566	243
Eif1a	731	341
Kcna2	1700	798
Mllt11	891	394
Psen2	759	315
Snrpd3	1040	481
Tex9	537	223
Myo1c	1051	469
Cox4i1	642	276
Aspscr1	583	248
Adrb1	475	282
Snx32	1052	426
Wnt11	698	369
Usp2	535	213
Sf3a2	1035	558
Tyw5	512	272
Lyzl4	995	447
Foxred2	533	248
Ldlrad3	523	245
Sh3pxd2a	854	460
Igtp	1421	707
Slc16a5	2237	1045
Mindy2	563	233
Atxn10	546	284
Tmem120a	862	394
Ankrd55	623	264
2410004B18Rik	504	225
Brd9	808	400
Lats1	510	282
Anks6	481	240
Tecr	747	329
Upp2	642	394
8430429K09Rik	859	337
Slc3a2	713	302
Ccne1	987	479
Med18	641	238
Bcl6	910	378
Pih1d2	484	239
Gpr157	1053	455
Klc1	917	513
Tjap1	549	227
Bud31	756	343
Mknk1	601	271
Selenon	561	225
Relb	647	274
Oasl1	979	400
2610307P16Rik	601	312
Tubb3	785	385
Lztr1	687	343
Rnf170	448	245
Trp53inp1	721	307
Arel1	668	279
Srsf1	794	291
Emc1	1019	470
Zap70	2361	1071
Ccni	599	234
Ptma	1491	676
Gcc1	744	322
Katnb1	1298	498
Atxn7l3	1307	583
Vps53	666	265
Zbtb45	689	343
Mbtd1	778	367
Foxk2	879	427
9530077C05Rik	598	304
Polr1d	1089	449
Mgat4b	1431	703
Golm1	616	283
Brms1	751	428
Trim12c	586	240
Traf6	527	233
Ier5	569	235
Apbb1ip	914	421
Sgpp1	837	351
Slc4a7	492	224
Dctn1	661	314
Slk	652	336
Pik3ap1	580	292
Fkbp5	592	267
Bcl11a	1185	604
Ggnbp2	891	397
Mark3	1025	527
Dhdds	578	229
Phldb1	1038	448
Klhl42	1020	582
Dcbld1	540	250
Stbd1	585	307
Pou2f1	806	425
Map2k2	868	347
Wdr20	951	428
Selenok	574	233
Spats2	603	311
Surf2	1335	729
Susd3	796	371
Polr2l	1086	489
Zfp276	944	495
Mpc1	1025	539
Osbpl2	879	337
Ssr4	583	282
Efna1	919	467
Daam1	893	420
Ubr4	718	351
9930021J03Rik	681	365
Ccdc87	897	415
Coro1a	2472	1189
Fth1	609	288
Cln6	717	345
Qrsl1	478	229
Abitram	681	351
Ifngr1	927	403
Cmtm7	994	459
Snx17	966	410
Slx1b	994	452
Gtpbp3	1162	556
Sec62	525	210
Dennd1c	1812	809
Foxc1	420	263
Riok1	683	276
Ywhae	675	264
Eef1akmt4	1074	496
Ada	803	366
Shox2	866	417
Ptgfrn	588	332
Sox8	910	514
Ttl	720	304
Zfp263	1205	505
Homer3	765	336
Spc24	631	212
Nup98	579	242
Eps15	512	287
Mgrn1	779	337
Nsl1	707	298
Hoxa3	934	404
Pcm1	554	237
Cby1	635	359
Dse	666	317
Lrp8	1827	882
Mtap	689	326
Pdgfb	1557	790
Mllt1	812	391
Snapc2	788	325
Itpr3	1602	746
Nup133	888	410
Gm2788	699	392
Lmbr1	689	290
Gm16938	740	337
Gbf1	711	257
Tpcn2	523	279
Atp2a3	1156	652
Atp5c1	1014	433
Gm15545	1096	470
Arhgap9	2029	962
Cd3e	1619	713
Gmpr2	580	272
Gm21992	875	376
Abcb1b	514	271
Suclg1	724	314
Mdm2	584	271
Map2k3	1252	579
Sgta	519	240
Zranb1	471	244
Slc28a2b	519	251
Cnnm2	1087	560
Pold3	545	274
Csnk2a1	492	226
Zfp369	617	291
B130034C11Rik	617	244
Cs	726	328
Rrp36	602	248
Lsm14a	1154	525
Bcl3	777	355
Dapl1	577	256
Lrfn1	1152	385
Ttc14	574	278
Mpzl1	509	229
Gm39302	935	384
Rnf145	1059	427
Camk2n1	842	489
Lrp8os3	1359	657
Irs1	647	326
Cfap20	478	275
Atp5md	730	342
Septin7	646	282
Wdr74	547	263
Khsrp	909	415
Xkrx	838	365
Dus2	779	373
BC003965	881	386
Ptdss1	860	415
Mvb12b	656	331
Ndufs1	767	335
Txndc15	628	281
Zfp358	550	263
Qdpr	728	326
Api5	646	320
Timm17a	553	222
Dcun1d3	660	276
2810001G20Rik	902	362
Map3k2	762	318
Npepl1	705	369
Cstf2t	510	271
n-R5s123	1777	766
Gcdh	630	262
Ccng1	638	310
Malt1	828	359
St3gal1	1817	923
Ttc21b	598	262
Spaca9	655	299
Xrn1	492	226
Zfp688	626	317
Morn5	522	245
Ciao2a	765	335
Stx1a	1374	636
6030458C11Rik	528	265
Zbed4	491	248
1700066M21Rik	483	299
Gm16618	751	401
Raph1	774	387
Zfp715	680	290
Hsbp1	540	267
Uqcrfs1	470	234
Fhl4	731	376
Ssrp1	660	284
Sgms1	1122	538
4931406C07Rik	528	222
Fkbp11	679	363
Rab13	569	238
Dstn	537	285
Zfp865	493	244
Zfhx2	524	220
Tpbgl	771	441
Sirt1	478	231
Lgals9	1734	790
Acbd6	625	259
Mecr	460	234
Dele1	518	221
1700001O22Rik	586	289
Pon2	580	253
Evi2	780	324
Traip	460	277
Arl4a	701	306
Ralgapa2	599	208
Anxa2	695	347
Cnbd2	663	233
Skap1	1805	742
Zbtb39	578	232
Myb	1308	676
Ube2g2	588	276
Mical1	1232	586
Zhx2	1057	465
Gm33454	817	470
Tprn	1018	470
Kyat1	950	412
Txndc9	972	363
Zfp664	908	477
Kat2b	1316	523
Kifc2	1234	549
E230016M11Rik	867	346
Cyb5d2	748	336
Abcf1	780	331
Glb1l	972	432
Per1	1661	636
Odr4	535	227
Timm22	585	244
Ucp2	2450	985
Arf1	1032	550
Numb	691	264
Septin5	833	478
Zic2	644	354
Atxn7l1	736	335
A930007I19Rik	546	276
Keap1	1287	596
Bik	658	342
Ostm1	678	332
Rtn4rl2	538	256
Gon7	752	295
Rtcb	544	261
Golph3	630	368
1700020L13Rik	728	301
Gm29642	542	272
Dhfr	684	289
Auts2	550	251
Fam76a	712	274
1110002J07Rik	440	246
Eif3l	702	290
Chka	706	338
Rnf8	650	333
Dlx4	559	315
Traf3ip2	713	318
Rab20	1027	460
Gm16861	947	421
Socs4	490	230
Ciao1	1329	571
Pym1	1510	596
Dgkz	1769	769
Rictor	817	399
Bag5	683	339
Ppp1r3b	1239	537
F830208F22Rik	620	355
Tmed10	468	245
Carmil3	808	423
Zmynd11	1256	555
Rpap3	506	246
Fbxo21	638	320
Rrad	1051	483
Card10	764	399
Mnt	2050	930
Gm26876	733	290
Pdhb	748	359
Dnajc14	1237	536
Poc1b	886	402
Ebf4	607	414
Prkaca	941	445
Zfp59	490	229
Birc5	677	318
Brca1	650	238
Gtse1	632	308
Klf7	1119	539
Tstd2	722	350
Suds3	613	265
Gm20604	752	295
Pea15a	722	331
Prpf31	570	277
S1pr2	836	470
Pxmp2	984	432
Urb2	710	351
Gpr55	887	441
Alg12	855	332
Pgm2	750	340
Shank3	1278	692
Flvcr2	551	299
Slc39a13	817	364
Slc16a13	1083	470
Nup214	875	380
Niban1	480	225
Csrnp1	1651	688
Zranb3	540	241
Chd7	483	241
Pdxdc1	560	219
Mob1a	620	256
Rtp4	775	401
Scd2	1289	699
Dip2a	811	362
Notch1	1560	671
Rsad1	821	392
Zmat3	527	304
Shf	963	413
Nhlrc3	555	228
Fbxo2	846	443
Acvr1b	880	454
Scarb2	1114	479
Tnfaip8	1110	527
Usf3	612	254
Tcn2	544	228
Nkiras1	657	299
Fbxo9	976	395
Kif13a	718	395
Zfp365	520	217
Prkra	682	349
Ndufs2	533	242
Mphosph9	777	357
Prdm4	605	234
Med13l	489	246
Lin52	904	383
Vps26c	766	319
Gm11201	608	287
Panx2	611	314
Xpo4	653	320
Rtn4r	714	399
Abcf2	614	341
Trim62	926	453
Ola1	561	292
Sap30	906	410
Snhg17	749	371
Spata18	806	389
Atad5	500	228
Tufm	750	382
Shoc2	641	280
Il7r	1095	475
Gm19585	761	339
Gm46891	641	278
Hoxb4	849	303
Sema4d	1291	664
Gdf11	1150	515
Pomp	868	469
Cep83os	655	267
Txnl1	586	258
Smg5	746	350
Nlrp6	450	242
Cox10	863	341
4930535L15Rik	767	367
Thap7	736	364
Slc35g1	742	372
Dnajc17	641	259
Mrps15	617	283
Herc6	559	244
Itpk1	1306	555
Llph	694	380
Pex16	1132	473
Mcrip1	861	411
Pcdhgc4	775	379
Ssbp3	1096	532
Smarcd2	937	388
Impact	692	278
Carf	549	196
Arrb2	2286	1016
Rnf166	1818	745
Rab39	460	237
Plekhg3	1056	475
Inafm2	1126	613
Slain2	899	406
Ankrd16	1226	655
Yaf2	648	321
Icam5	1917	972
Dnaaf9	549	275
Hmgn2	763	339
Zfp867	608	247
Cdv3	693	270
Uchl3	551	255
Ifi209	642	234
Cd24a	1181	632
Gpank1	1030	441
Wdr82	844	395
Gm26885	1182	580
Atp8b4	1821	725
Bivm	1209	492
Rfc4	516	265
Dusp16	660	259
Sp3	579	248
Pheta1	654	336
Jarid2	1201	586
St8sia6	598	286
Mvb12a	616	324
Tafazzin	665	276
Hs3st3b1	1637	823
4933406I18Rik	635	303
Plekhm1	624	277
Afg3l1	743	314
Rab3gap2	708	336
Dhx58	1324	639
Rab5b	553	230
Lonp1	810	393
Wfs1	791	364
Alas1	690	311
Fst	762	399
Ifit1bl1	716	406
Rps15a	1310	537
Map2k7	877	463
Stat5b	1109	501
Zdhhc18	1785	763
Itga5	945	477
Tlnrd1	882	502
Zfp668	820	396
Sf3b6	541	250
Pacs2	1085	500
Ccdc173	691	264
Srcin1	592	332
Gm14321	1093	456
Heg1	903	496
Slc27a1	1139	453
Grk2	1913	1008
Ttbk2	569	248
Map3k12	1298	564
Aar2	612	265
Jmy	944	518
Ogg1	670	321
Gm20605	2705	1106
Gins2	702	361
Lzts3	535	317
Rprd1a	641	292
Hscb	740	315
Plekhg2	1254	624
Ephx1	842	364
Ddx39b	1351	602
Bcap31	1098	541
Per3	663	333
Rps6	574	271
